{"stats":{"minecraft:killed":{"minecraft:skeleton":1,"minecraft:spider":2},"minecraft:used":{"soul_like_armors_reworked:dagger":40,"soul_like_armors_reworked:estusflask":2},"minecraft:mined":{"minecraft:grass":3,"minecraft:tall_grass":4},"minecraft:picked_up":{"soul_like_armors_reworked:estusflask":10,"minecraft:wheat_seeds":2,"soul_like_armors_reworked:dagger":4,"minecraft:dirt":22,"alexsmobs:animal_dictionary":3,"minecraft:spider_eye":3,"minecraft:string":3},"minecraft:custom":{"minecraft:time_since_rest":298,"minecraft:crouch_one_cm":110,"minecraft:play_time":9316,"minecraft:sprint_one_cm":57797,"minecraft:walk_one_cm":17196,"minecraft:damage_taken":1475,"minecraft:deaths":5,"minecraft:sneak_time":41,"minecraft:mob_kills":4,"minecraft:jump":178,"minecraft:damage_dealt":1099,"minecraft:leave_game":1,"minecraft:walk_on_water_one_cm":8214,"minecraft:time_since_death":0,"minecraft:total_world_time":9316,"minecraft:fall_one_cm":4007,"minecraft:fly_one_cm":15304},"minecraft:killed_by":{"minecraft:creeper":1,"minecraft:spider":2,"minecraft:zombie":2}},"DataVersion":3465}