{"stats":{"minecraft:custom":{"minecraft:jump":54,"minecraft:time_since_rest":117730,"minecraft:damage_taken":30,"minecraft:crouch_one_cm":98,"minecraft:leave_game":1,"minecraft:play_time":117730,"minecraft:sprint_one_cm":97,"minecraft:time_since_death":117730,"minecraft:walk_on_water_one_cm":4822,"minecraft:walk_one_cm":3426,"minecraft:sneak_time":7815,"minecraft:total_world_time":117730,"minecraft:climb_one_cm":5045,"minecraft:walk_under_water_one_cm":4121,"minecraft:fall_one_cm":775,"minecraft:fly_one_cm":6172979}},"DataVersion":3465}