{"stats":{"minecraft:custom":{"minecraft:jump":162,"minecraft:open_chest":7,"minecraft:time_since_rest":28456,"minecraft:damage_taken":450,"minecraft:leave_game":8,"minecraft:crouch_one_cm":1211,"minecraft:play_time":38280,"minecraft:time_since_death":28147,"minecraft:sprint_one_cm":33126,"minecraft:walk_one_cm":33788,"minecraft:walk_on_water_one_cm":74,"minecraft:deaths":1,"minecraft:sneak_time":2237,"minecraft:climb_one_cm":3310,"minecraft:total_world_time":38280,"minecraft:walk_under_water_one_cm":7298,"minecraft:swim_one_cm":2945,"minecraft:fall_one_cm":3661,"minecraft:fly_one_cm":608394}},"DataVersion":3465}