{"stats":{"minecraft:custom":{"minecraft:jump":54,"minecraft:time_since_rest":51593,"minecraft:leave_game":1,"minecraft:crouch_one_cm":98,"minecraft:sprint_one_cm":97,"minecraft:walk_on_water_one_cm":3715,"minecraft:play_time":51593,"minecraft:damage_taken":30,"minecraft:time_since_death":51593,"minecraft:walk_one_cm":3426,"minecraft:sneak_time":3598,"minecraft:climb_one_cm":5045,"minecraft:total_world_time":51593,"minecraft:walk_under_water_one_cm":3680,"minecraft:fall_one_cm":775,"minecraft:fly_one_cm":2106048}},"DataVersion":3465}