{"stats":{"minecraft:mined":{"minecraft:large_fern":2,"minecraft:acacia_leaves":2,"minecraft:brown_mushroom":6,"minecraft:crafting_table":1,"minecraft:grass":295,"minecraft:acacia_log":10,"chococraft:gysahl_green":6,"minecraft:poppy":1,"minecraft:melon":6,"minecraft:cocoa":2,"minecraft:tall_grass":27,"minecraft:stone":9,"minecraft:red_mushroom":3,"minecraft:fern":2},"minecraft:killed_by":{"hmag:zombie_girl":1,"minecraft:spider":1,"minecraft:zombie":1},"minecraft:crafted":{"minecraft:crafting_table":1,"minecraft:wooden_pickaxe":2,"minecraft:wooden_axe":1,"minecraft:acacia_planks":32},"minecraft:picked_up":{"minecraft:coarse_dirt":1,"chococraft:loverly_gysahl_green":1,"minecraft:cocoa_beans":4,"minecraft:stick":6,"minecraft:crafting_table":1,"minecraft:brown_mushroom":6,"alexsmobs:acacia_blossom":1,"minecraft:acacia_log":10,"minecraft:red_mushroom":3,"chococraft:gysahl_green_seeds":18,"minecraft:dirt":11,"alexsmobs:animal_dictionary":1,"soul_like_armors_reworked:estusflask":5,"chococraft:gysahl_green":48,"minecraft:wheat_seeds":40,"soul_like_armors_reworked:dagger":1,"minecraft:jungle_sapling":1,"minecraft:poppy":1,"minecraft:melon_slice":27,"minecraft:acacia_sapling":6,"minecraft:cobblestone":9,"minecraft:egg":1},"minecraft:used":{"soul_like_armors_reworked:dagger":18,"minecraft:acacia_log":2,"minecraft:melon_slice":5,"minecraft:wooden_pickaxe":24,"minecraft:crafting_table":1},"minecraft:custom":{"minecraft:time_since_rest":10228,"minecraft:sprint_one_cm":156771,"minecraft:damage_taken":715,"minecraft:walk_one_cm":76150,"minecraft:damage_dealt":103,"minecraft:swim_one_cm":11434,"minecraft:interact_with_crafting_table":1,"minecraft:fly_one_cm":196695,"minecraft:crouch_one_cm":657,"minecraft:play_time":29015,"minecraft:deaths":3,"minecraft:sneak_time":837,"minecraft:walk_under_water_one_cm":4018,"minecraft:jump":387,"minecraft:leave_game":1,"minecraft:time_since_death":9705,"minecraft:walk_on_water_one_cm":9164,"minecraft:climb_one_cm":1199,"minecraft:total_world_time":29015,"minecraft:fall_one_cm":7989}},"DataVersion":3465}