{"stats":{"minecraft:custom":{"minecraft:jump":54,"minecraft:time_since_rest":138397,"minecraft:damage_taken":30,"minecraft:crouch_one_cm":98,"minecraft:leave_game":2,"minecraft:play_time":138397,"minecraft:sprint_one_cm":97,"minecraft:time_since_death":138397,"minecraft:walk_on_water_one_cm":21282,"minecraft:walk_one_cm":3426,"minecraft:sneak_time":10151,"minecraft:total_world_time":138397,"minecraft:climb_one_cm":5045,"minecraft:walk_under_water_one_cm":95076,"minecraft:fall_one_cm":775,"minecraft:fly_one_cm":6739323}},"DataVersion":3465}