{"stats":{"minecraft:mined":{"minecraft:large_fern":2,"minecraft:acacia_leaves":9,"minecraft:brown_mushroom":6,"minecraft:crafting_table":2,"minecraft:torch":7,"minecraft:grass":409,"minecraft:acacia_log":10,"chococraft:gysahl_green":28,"minecraft:poppy":1,"minecraft:melon":6,"minecraft:cocoa":2,"minecraft:tall_grass":31,"minecraft:stone":9,"minecraft:red_mushroom":3,"minecraft:wall_torch":2,"minecraft:fern":2,"minecraft:orange_bed":1},"minecraft:killed_by":{"hmag:zombie_girl":1,"minecraft:spider":1,"minecraft:zombie":1},"minecraft:crafted":{"minecraft:crafting_table":1,"minecraft:wooden_pickaxe":2,"minecraft:wooden_axe":1,"minecraft:acacia_planks":32},"minecraft:picked_up":{"minecraft:coarse_dirt":1,"chococraft:loverly_gysahl_green":19,"minecraft:cocoa_beans":4,"minecraft:stick":6,"minecraft:crafting_table":2,"minecraft:torch":9,"minecraft:brown_mushroom":6,"alexsmobs:acacia_blossom":1,"minecraft:acacia_log":10,"minecraft:red_mushroom":3,"chococraft:gysahl_green_seeds":101,"minecraft:dirt":11,"alexsmobs:animal_dictionary":1,"minecraft:orange_bed":1,"soul_like_armors_reworked:estusflask":5,"chococraft:gysahl_green":270,"chococraft:gold_gysahl":5,"minecraft:wheat_seeds":54,"soul_like_armors_reworked:dagger":1,"minecraft:jungle_sapling":1,"minecraft:poppy":1,"minecraft:melon_slice":27,"minecraft:acacia_sapling":8,"minecraft:cobblestone":9,"minecraft:egg":1},"minecraft:used":{"soul_like_armors_reworked:dagger":18,"minecraft:acacia_log":2,"minecraft:melon_slice":5,"minecraft:wooden_pickaxe":24,"minecraft:crafting_table":1,"chococraft:gysahl_green":15},"minecraft:custom":{"minecraft:time_since_rest":34228,"minecraft:sprint_one_cm":237654,"minecraft:damage_taken":926,"minecraft:walk_one_cm":155270,"minecraft:damage_dealt":223,"minecraft:talked_to_villager":1,"minecraft:swim_one_cm":12328,"minecraft:interact_with_crafting_table":1,"minecraft:fly_one_cm":691459,"minecraft:open_chest":2,"minecraft:crouch_one_cm":1158,"minecraft:play_time":53015,"minecraft:deaths":3,"minecraft:sneak_time":2203,"minecraft:walk_under_water_one_cm":6333,"minecraft:jump":555,"minecraft:leave_game":1,"minecraft:time_since_death":33705,"minecraft:walk_on_water_one_cm":15474,"minecraft:climb_one_cm":1199,"minecraft:total_world_time":53015,"minecraft:fall_one_cm":9984}},"DataVersion":3465}