{"stats":{"minecraft:mined":{"minecraft:grass":18,"minecraft:dirt":2,"minecraft:tall_grass":4},"minecraft:picked_up":{"soul_like_armors_reworked:estusflask":13,"minecraft:wheat_seeds":3,"soul_like_armors_reworked:dagger":4,"minecraft:dirt":22,"minecraft:spider_eye":4,"minecraft:string":4,"alexsmobs:animal_dictionary":3},"minecraft:used":{"soul_like_armors_reworked:dagger":40,"soul_like_armors_reworked:estusflask":2},"minecraft:killed_by":{"minecraft:creeper":1,"minecraft:spider":2,"minecraft:zombie":2},"minecraft:killed":{"minecraft:skeleton":1,"minecraft:spider":2},"minecraft:custom":{"minecraft:time_since_rest":8715,"minecraft:crouch_one_cm":161,"minecraft:play_time":17733,"minecraft:sprint_one_cm":76880,"minecraft:damage_taken":1635,"minecraft:deaths":5,"minecraft:walk_one_cm":33340,"minecraft:sneak_time":252,"minecraft:mob_kills":4,"minecraft:jump":255,"minecraft:damage_dealt":1169,"minecraft:leave_game":4,"minecraft:time_since_death":7919,"minecraft:walk_on_water_one_cm":8464,"minecraft:total_world_time":17733,"minecraft:fall_one_cm":4342,"minecraft:fly_one_cm":182055}},"DataVersion":3465}