{"stats":{"minecraft:custom":{"minecraft:jump":140,"minecraft:open_chest":1,"minecraft:time_since_rest":15737,"minecraft:walk_on_water_one_cm":74,"minecraft:damage_taken":450,"minecraft:crouch_one_cm":379,"minecraft:leave_game":6,"minecraft:play_time":25561,"minecraft:sprint_one_cm":19442,"minecraft:time_since_death":15428,"minecraft:walk_one_cm":23747,"minecraft:deaths":1,"minecraft:sneak_time":1447,"minecraft:total_world_time":25561,"minecraft:walk_under_water_one_cm":7298,"minecraft:swim_one_cm":2945,"minecraft:fall_one_cm":3661,"minecraft:fly_one_cm":296020}},"DataVersion":3465}