{"stats":{"minecraft:custom":{"minecraft:jump":96,"minecraft:time_since_rest":6268,"minecraft:walk_on_water_one_cm":122,"minecraft:damage_dealt":27,"minecraft:crouch_one_cm":365,"minecraft:deaths":2,"minecraft:sprint_one_cm":29194,"minecraft:play_time":7813,"minecraft:damage_taken":555,"minecraft:time_since_death":6155,"minecraft:walk_one_cm":10128,"minecraft:sneak_time":73,"minecraft:total_world_time":7813,"minecraft:walk_under_water_one_cm":76,"minecraft:swim_one_cm":1082,"minecraft:fall_one_cm":3872,"minecraft:fly_one_cm":12807,"minecraft:leave_game":1},"minecraft:mined":{"minecraft:grass":1,"minecraft:packed_ice":2},"minecraft:killed_by":{"minecraft:zombie":2},"minecraft:used":{"minecraft:rotten_flesh":2},"minecraft:picked_up":{"minecraft:rotten_flesh":2,"minecraft:sugar_cane":2}},"DataVersion":3465}