{"stats":{"minecraft:custom":{"minecraft:jump":54,"minecraft:time_since_rest":143019,"minecraft:damage_taken":30,"minecraft:crouch_one_cm":98,"minecraft:leave_game":4,"minecraft:play_time":143019,"minecraft:sprint_one_cm":97,"minecraft:time_since_death":143019,"minecraft:walk_on_water_one_cm":26593,"minecraft:walk_one_cm":3426,"minecraft:sneak_time":10355,"minecraft:total_world_time":143019,"minecraft:climb_one_cm":5045,"minecraft:walk_under_water_one_cm":95424,"minecraft:fall_one_cm":775,"minecraft:fly_one_cm":6907034}},"DataVersion":3465}