{"stats":{"minecraft:killed_by":{"hmag:zombie_girl":1,"minecraft:zombie":1},"minecraft:picked_up":{"chococraft:loverly_gysahl_green":1,"minecraft:cocoa_beans":4,"minecraft:stick":6,"minecraft:crafting_table":1,"minecraft:brown_mushroom":6,"alexsmobs:acacia_blossom":1,"minecraft:acacia_log":10,"minecraft:red_mushroom":3,"chococraft:gysahl_green_seeds":18,"alexsmobs:animal_dictionary":1,"soul_like_armors_reworked:estusflask":5,"chococraft:gysahl_green":48,"minecraft:wheat_seeds":2,"soul_like_armors_reworked:dagger":1,"minecraft:jungle_sapling":1,"minecraft:melon_slice":27,"minecraft:acacia_sapling":6,"minecraft:cobblestone":9,"minecraft:egg":1},"minecraft:custom":{"minecraft:time_since_rest":323,"minecraft:sprint_one_cm":99394,"minecraft:damage_taken":450,"minecraft:walk_one_cm":37185,"minecraft:damage_dealt":83,"minecraft:interact_with_crafting_table":1,"minecraft:swim_one_cm":3102,"minecraft:fly_one_cm":22346,"minecraft:crouch_one_cm":87,"minecraft:play_time":16036,"minecraft:deaths":2,"minecraft:sneak_time":80,"minecraft:walk_under_water_one_cm":2068,"minecraft:jump":197,"minecraft:leave_game":1,"minecraft:walk_on_water_one_cm":3557,"minecraft:time_since_death":0,"minecraft:climb_one_cm":1147,"minecraft:total_world_time":16036,"minecraft:fall_one_cm":4533},"minecraft:mined":{"minecraft:large_fern":2,"minecraft:acacia_leaves":1,"minecraft:brown_mushroom":6,"minecraft:crafting_table":1,"minecraft:grass":2,"minecraft:acacia_log":10,"chococraft:gysahl_green":6,"minecraft:melon":6,"minecraft:cocoa":2,"minecraft:stone":9,"minecraft:red_mushroom":3,"minecraft:fern":2},"minecraft:used":{"soul_like_armors_reworked:dagger":18,"minecraft:acacia_log":2,"minecraft:melon_slice":5,"minecraft:wooden_pickaxe":24,"minecraft:crafting_table":1},"minecraft:crafted":{"minecraft:crafting_table":1,"minecraft:wooden_pickaxe":2,"minecraft:wooden_axe":1,"minecraft:acacia_planks":32}},"DataVersion":3465}