{
  "minecraft:recipes/decorations/crafting_table": {
    "criteria": {
      "unlock_right_away": "2024-06-08 05:07:29 +0000"
    },
    "done": true
  },
  "minecraft:adventure/adventuring_time": {
    "criteria": {
      "minecraft:stony_shore": "2024-06-08 05:13:41 +0000",
      "minecraft:ocean": "2024-06-08 07:52:40 +0000",
      "minecraft:plains": "2024-06-08 05:07:30 +0000"
    },
    "done": false
  },
  "betterdeserttemples:root": {
    "criteria": {
      "always": "2024-06-08 07:49:55 +0000"
    },
    "done": true
  },
  "betterdungeons:root": {
    "criteria": {
      "always": "2024-06-08 07:49:55 +0000"
    },
    "done": true
  },
  "DataVersion": 3465
}