{
  "nova_structures:adventure/find_all_illager_structures": {
    "criteria": {
      "pillager_outpost": "2024-06-11 07:20:50 +0000",
      "witch_villa": "2024-06-11 07:00:22 +0000"
    },
    "done": false
  },
  "minecraft:recipes/decorations/crafting_table": {
    "criteria": {
      "unlock_right_away": "2024-06-11 06:45:27 +0000"
    },
    "done": true
  },
  "minecraft:recipes/transportation/cherry_boat": {
    "criteria": {
      "in_water": "2024-06-11 06:51:35 +0000"
    },
    "done": true
  },
  "minecraft:recipes/transportation/bamboo_raft": {
    "criteria": {
      "in_water": "2024-06-11 06:51:35 +0000"
    },
    "done": true
  },
  "minecraft:recipes/transportation/spruce_boat": {
    "criteria": {
      "in_water": "2024-06-11 06:51:35 +0000"
    },
    "done": true
  },
  "minecraft:recipes/transportation/birch_boat": {
    "criteria": {
      "in_water": "2024-06-11 06:51:35 +0000"
    },
    "done": true
  },
  "betterdeserttemples:root": {
    "criteria": {
      "always": "2024-06-11 06:45:27 +0000"
    },
    "done": true
  },
  "minecraft:recipes/transportation/oak_boat": {
    "criteria": {
      "in_water": "2024-06-11 06:51:35 +0000"
    },
    "done": true
  },
  "minecraft:recipes/transportation/mangrove_boat": {
    "criteria": {
      "in_water": "2024-06-11 06:51:35 +0000"
    },
    "done": true
  },
  "nova_structures:root": {
    "criteria": {
      "nova_structures:adventure/find_tavern": "2024-06-11 06:59:21 +0000"
    },
    "done": true
  },
  "nova_structures:adventure/find_witch_villa": {
    "criteria": {
      "nova_structures:witch_villa": "2024-06-11 07:00:22 +0000"
    },
    "done": true
  },
  "nova_structures:adventure/find_tavern": {
    "criteria": {
      "nova_structures:tavern_swamp": "2024-06-11 06:59:21 +0000"
    },
    "done": true
  },
  "minecraft:recipes/transportation/acacia_boat": {
    "criteria": {
      "in_water": "2024-06-11 06:51:35 +0000"
    },
    "done": true
  },
  "betterdungeons:root": {
    "criteria": {
      "always": "2024-06-11 06:45:27 +0000"
    },
    "done": true
  },
  "minecraft:adventure/adventuring_time": {
    "criteria": {
      "minecraft:snowy_slopes": "2024-06-11 07:22:04 +0000",
      "minecraft:sunflower_plains": "2024-06-11 07:08:54 +0000",
      "minecraft:windswept_hills": "2024-06-11 07:06:30 +0000",
      "minecraft:savanna_plateau": "2024-06-11 07:14:36 +0000",
      "minecraft:beach": "2024-06-11 06:51:34 +0000",
      "minecraft:mangrove_swamp": "2024-06-11 06:45:29 +0000",
      "minecraft:sparse_jungle": "2024-06-11 07:11:57 +0000",
      "minecraft:lukewarm_ocean": "2024-06-11 06:54:13 +0000",
      "minecraft:river": "2024-06-11 07:05:25 +0000",
      "minecraft:stony_shore": "2024-06-11 07:14:13 +0000",
      "minecraft:forest": "2024-06-11 06:53:11 +0000",
      "minecraft:jungle": "2024-06-11 07:11:59 +0000",
      "minecraft:ocean": "2024-06-11 07:17:07 +0000",
      "minecraft:windswept_savanna": "2024-06-11 07:02:24 +0000",
      "minecraft:flower_forest": "2024-06-11 07:06:15 +0000",
      "minecraft:frozen_peaks": "2024-06-11 07:22:05 +0000",
      "minecraft:meadow": "2024-06-11 07:20:15 +0000",
      "minecraft:savanna": "2024-06-11 06:53:07 +0000",
      "minecraft:plains": "2024-06-11 07:04:57 +0000"
    },
    "done": false
  },
  "nova_structures:adventure/find_pillager_outpost": {
    "criteria": {
      "minecraft:pillager_outpost": "2024-06-11 07:20:50 +0000"
    },
    "done": true
  },
  "minecraft:recipes/transportation/jungle_boat": {
    "criteria": {
      "in_water": "2024-06-11 06:51:35 +0000"
    },
    "done": true
  },
  "minecraft:recipes/transportation/dark_oak_boat": {
    "criteria": {
      "in_water": "2024-06-11 06:51:35 +0000"
    },
    "done": true
  },
  "DataVersion": 3465
}